{
  "id": "199512",
  "name": "TrackMachine",
  "font_family": "iconfont",
  "css_prefix_text": "icon-",
  "description": "A project",
  "glyphs": [
    {
      "icon_id": "9923508",
      "name": "usb",
      "font_class": "usb",
      "unicode": "e9d4",
      "unicode_decimal": 59860
    },
    {
      "icon_id": "702681",
      "name": "home",
      "font_class": "home",
      "unicode": "e8cf",
      "unicode_decimal": 59599
    },
    {
      "icon_id": "1203",
      "name": "向左",
      "font_class": "xiangzuo",
      "unicode": "e628",
      "unicode_decimal": 58920
    },
    {
      "icon_id": "77340",
      "name": "向右",
      "font_class": "msnui-arrow-right",
      "unicode": "e66c",
      "unicode_decimal": 58988
    },
    {
      "icon_id": "608271",
      "name": "关闭",
      "font_class": "guanbiclosed42",
      "unicode": "e677",
      "unicode_decimal": 58999
    },
    {
      "icon_id": "609485",
      "name": "门",
      "font_class": "mendoor13",
      "unicode": "e6f7",
      "unicode_decimal": 59127
    },
    {
      "icon_id": "1044251",
      "name": "门窗 门窗五金安装",
      "font_class": "menchuangmenchuangwujinanzhuang",
      "unicode": "e625",
      "unicode_decimal": 58917
    },
    {
      "icon_id": "1104721",
      "name": "司法类_门禁",
      "font_class": "sifaleimenjin",
      "unicode": "ea2e",
      "unicode_decimal": 59950
    },
    {
      "icon_id": "1104723",
      "name": "司法类_门禁报警",
      "font_class": "sifaleimenjinbaojing",
      "unicode": "ea2f",
      "unicode_decimal": 59951
    },
    {
      "icon_id": "1239575",
      "name": "上门服务",
      "font_class": "shangmenfuwu",
      "unicode": "e639",
      "unicode_decimal": 58937
    },
    {
      "icon_id": "1327253",
      "name": "门",
      "font_class": "men",
      "unicode": "e626",
      "unicode_decimal": 58918
    },
    {
      "icon_id": "2486597",
      "name": "门禁",
      "font_class": "menjin",
      "unicode": "e627",
      "unicode_decimal": 58919
    },
    {
      "icon_id": "2471346",
      "name": "登录",
      "font_class": "denglu",
      "unicode": "e66b",
      "unicode_decimal": 58987
    },
    {
      "icon_id": "521101",
      "name": "前进",
      "font_class": "qianjin",
      "unicode": "e644",
      "unicode_decimal": 58948
    },
    {
      "icon_id": "1000003",
      "name": "贷后管理",
      "font_class": "daihouguanli",
      "unicode": "e623",
      "unicode_decimal": 58915
    },
    {
      "icon_id": "147907",
      "name": "任务取消",
      "font_class": "msnui-task-cancel",
      "unicode": "e762",
      "unicode_decimal": 59234
    },
    {
      "icon_id": "338314",
      "name": "下载",
      "font_class": "xiazai",
      "unicode": "e63d",
      "unicode_decimal": 58941
    },
    {
      "icon_id": "375928",
      "name": "暂停",
      "font_class": "zanting",
      "unicode": "e6a9",
      "unicode_decimal": 59049
    },
    {
      "icon_id": "721774",
      "name": "正常",
      "font_class": "zhengchang",
      "unicode": "e685",
      "unicode_decimal": 59013
    },
    {
      "icon_id": "1308554",
      "name": "762编辑器_截图",
      "font_class": "762bianjiqi_jietu",
      "unicode": "e654",
      "unicode_decimal": 58964
    },
    {
      "icon_id": "1488902",
      "name": "快退",
      "font_class": "kuaitui",
      "unicode": "e61a",
      "unicode_decimal": 58906
    },
    {
      "icon_id": "1488913",
      "name": "快进",
      "font_class": "kuaijin",
      "unicode": "e61d",
      "unicode_decimal": 58909
    },
    {
      "icon_id": "2674474",
      "name": "播放",
      "font_class": "bofang",
      "unicode": "e624",
      "unicode_decimal": 58916
    },
    {
      "icon_id": "3248703",
      "name": "停止",
      "font_class": "tingzhi",
      "unicode": "e620",
      "unicode_decimal": 58912
    },
    {
      "icon_id": "2271320",
      "name": "立式空调",
      "font_class": "lishikongtiao",
      "unicode": "e683",
      "unicode_decimal": 59011
    },
    {
      "icon_id": "284033",
      "name": "操作_除湿",
      "font_class": "hekriconchushi",
      "unicode": "e619",
      "unicode_decimal": 58905
    },
    {
      "icon_id": "538501",
      "name": "制冷",
      "font_class": "zhileng",
      "unicode": "e64e",
      "unicode_decimal": 58958
    },
    {
      "icon_id": "538502",
      "name": "制热",
      "font_class": "zhire",
      "unicode": "e64f",
      "unicode_decimal": 58959
    },
    {
      "icon_id": "937101",
      "name": "水位",
      "font_class": "shuiwei",
      "unicode": "e640",
      "unicode_decimal": 58944
    },
    {
      "icon_id": "398273",
      "name": "湿度",
      "font_class": "shidu",
      "unicode": "e637",
      "unicode_decimal": 58935
    },
    {
      "icon_id": "1541952",
      "name": "湿度",
      "font_class": "shidu1",
      "unicode": "e615",
      "unicode_decimal": 58901
    },
    {
      "icon_id": "2155826",
      "name": "温度",
      "font_class": "thermometer_icon",
      "unicode": "e67e",
      "unicode_decimal": 59006
    },
    {
      "icon_id": "544395",
      "name": "aperture",
      "font_class": "aperture",
      "unicode": "e6cb",
      "unicode_decimal": 59083
    },
    {
      "icon_id": "1479183",
      "name": "ic_center_focus_strong",
      "font_class": "ic_center_focus_strong",
      "unicode": "ea03",
      "unicode_decimal": 59907
    },
    {
      "icon_id": "1479184",
      "name": "ic_center_focus_weak",
      "font_class": "ic_center_focus_weak",
      "unicode": "ea04",
      "unicode_decimal": 59908
    },
    {
      "icon_id": "2520047",
      "name": "zoom-in",
      "font_class": "zoom-in",
      "unicode": "e7c3",
      "unicode_decimal": 59331
    },
    {
      "icon_id": "2520065",
      "name": "zoom-out",
      "font_class": "zoom-out",
      "unicode": "e7c4",
      "unicode_decimal": 59332
    },
    {
      "icon_id": "3722827",
      "name": "下",
      "font_class": "icon-arrow-btm4-copy-copy",
      "unicode": "ea12",
      "unicode_decimal": 59922
    },
    {
      "icon_id": "3722550",
      "name": "上",
      "font_class": "icon-arrow-top4-copy-copy",
      "unicode": "ea10",
      "unicode_decimal": 59920
    },
    {
      "icon_id": "730812",
      "name": "上",
      "font_class": "icon-arrow-top4",
      "unicode": "e67c",
      "unicode_decimal": 59004
    },
    {
      "icon_id": "730813",
      "name": "下",
      "font_class": "icon-arrow-btm4",
      "unicode": "e67d",
      "unicode_decimal": 59005
    },
    {
      "icon_id": "3722427",
      "name": "上",
      "font_class": "icon-arrow-top4-copy-copy1",
      "unicode": "ea0f",
      "unicode_decimal": 59919
    },
    {
      "icon_id": "3722821",
      "name": "下",
      "font_class": "icon-arrow-btm4-copy-copy1",
      "unicode": "ea11",
      "unicode_decimal": 59921
    },
    {
      "icon_id": "730810",
      "name": "左",
      "font_class": "icon-arrow-left4",
      "unicode": "e678",
      "unicode_decimal": 59000
    },
    {
      "icon_id": "730816",
      "name": "右",
      "font_class": "icon-arrow-right4",
      "unicode": "e67b",
      "unicode_decimal": 59003
    },
    {
      "icon_id": "551844",
      "name": "竖线",
      "font_class": "vertical_line",
      "unicode": "e63a",
      "unicode_decimal": 58938
    },
    {
      "icon_id": "146628",
      "name": "系统状态",
      "font_class": "msnui-sys-state",
      "unicode": "e72c",
      "unicode_decimal": 59180
    },
    {
      "icon_id": "2640162",
      "name": "设备列表",
      "font_class": "shebeiliebiao",
      "unicode": "e870",
      "unicode_decimal": 59504
    },
    {
      "icon_id": "2640164",
      "name": "设备断开",
      "font_class": "shebeiduankai",
      "unicode": "e871",
      "unicode_decimal": 59505
    },
    {
      "icon_id": "2640165",
      "name": "设备正常",
      "font_class": "shebeizhengchang",
      "unicode": "e872",
      "unicode_decimal": 59506
    },
    {
      "icon_id": "2640166",
      "name": "设备预警",
      "font_class": "shebeiyujing",
      "unicode": "e873",
      "unicode_decimal": 59507
    },
    {
      "icon_id": "2680298",
      "name": "设备运行",
      "font_class": "shebeiyunhang",
      "unicode": "e883",
      "unicode_decimal": 59523
    },
    {
      "icon_id": "733934",
      "name": "卡",
      "font_class": "qia",
      "unicode": "e614",
      "unicode_decimal": 58900
    },
    {
      "icon_id": "2293398",
      "name": "动环设备管理",
      "font_class": "donghuanshebeiguanli",
      "unicode": "e636",
      "unicode_decimal": 58934
    },
    {
      "icon_id": "2204670",
      "name": "门禁维护",
      "font_class": "menjinweihu",
      "unicode": "e647",
      "unicode_decimal": 58951
    },
    {
      "icon_id": "1279452",
      "name": "数据",
      "font_class": "shuju1",
      "unicode": "e664",
      "unicode_decimal": 58980
    },
    {
      "icon_id": "1121616",
      "name": "云平台",
      "font_class": "yunpingtai-copy",
      "unicode": "e613",
      "unicode_decimal": 58899
    },
    {
      "icon_id": "830928",
      "name": "联系我们",
      "font_class": "lianxiwomen",
      "unicode": "e635",
      "unicode_decimal": 58933
    },
    {
      "icon_id": "1013112",
      "name": "钟",
      "font_class": "iosbell",
      "unicode": "e682",
      "unicode_decimal": 59010
    },
    {
      "icon_id": "715523",
      "name": "笑脸",
      "font_class": "xiaolian",
      "unicode": "e748",
      "unicode_decimal": 59208
    },
    {
      "icon_id": "109917",
      "name": "错误",
      "font_class": "cuowu",
      "unicode": "e612",
      "unicode_decimal": 58898
    },
    {
      "icon_id": "212475",
      "name": "确定",
      "font_class": "queding1",
      "unicode": "e69d",
      "unicode_decimal": 59037
    },
    {
      "icon_id": "947139",
      "name": "警告",
      "font_class": "jinggao",
      "unicode": "e6aa",
      "unicode_decimal": 59050
    },
    {
      "icon_id": "649016",
      "name": "叹号",
      "font_class": "tanhao",
      "unicode": "e653",
      "unicode_decimal": 58963
    },
    {
      "icon_id": "73997",
      "name": "取消",
      "font_class": "quxiao",
      "unicode": "e634",
      "unicode_decimal": 58932
    },
    {
      "icon_id": "306823",
      "name": "确定",
      "font_class": "queding",
      "unicode": "e610",
      "unicode_decimal": 58896
    },
    {
      "icon_id": "1537547",
      "name": "打印预览",
      "font_class": "dayinyulan",
      "unicode": "e6f8",
      "unicode_decimal": 59128
    },
    {
      "icon_id": "46652",
      "name": "打印",
      "font_class": "ordinaryprint",
      "unicode": "e6bb",
      "unicode_decimal": 59067
    },
    {
      "icon_id": "1303180",
      "name": "打印",
      "font_class": "dayin",
      "unicode": "e649",
      "unicode_decimal": 58953
    },
    {
      "icon_id": "882936",
      "name": "excel",
      "font_class": "excel",
      "unicode": "e633",
      "unicode_decimal": 58931
    },
    {
      "icon_id": "1355044",
      "name": "csv",
      "font_class": "csv",
      "unicode": "e66e",
      "unicode_decimal": 58990
    },
    {
      "icon_id": "356475",
      "name": "所有",
      "font_class": "suoyou",
      "unicode": "e62e",
      "unicode_decimal": 58926
    },
    {
      "icon_id": "744419",
      "name": "当前页面-01",
      "font_class": "dangqianyemian01",
      "unicode": "e61c",
      "unicode_decimal": 58908
    },
    {
      "icon_id": "156568",
      "name": "编辑",
      "font_class": "bianji",
      "unicode": "e642",
      "unicode_decimal": 58946
    },
    {
      "icon_id": "1067048",
      "name": "配置",
      "font_class": "configure",
      "unicode": "e638",
      "unicode_decimal": 58936
    },
    {
      "icon_id": "1283274",
      "name": "控制器管理",
      "font_class": "kongzhiqiguanli",
      "unicode": "e718",
      "unicode_decimal": 59160
    },
    {
      "icon_id": "1451041",
      "name": "配置",
      "font_class": "peizhi1",
      "unicode": "e60e",
      "unicode_decimal": 58894
    },
    {
      "icon_id": "14674",
      "name": "后退",
      "font_class": "houtui",
      "unicode": "e632",
      "unicode_decimal": 58930
    },
    {
      "icon_id": "52107",
      "name": "修改",
      "font_class": "52",
      "unicode": "e60b",
      "unicode_decimal": 58891
    },
    {
      "icon_id": "286678",
      "name": "删除",
      "font_class": "shanchu",
      "unicode": "e65b",
      "unicode_decimal": 58971
    },
    {
      "icon_id": "287358",
      "name": "删除",
      "font_class": "iconfonticonfontclose",
      "unicode": "e60d",
      "unicode_decimal": 58893
    },
    {
      "icon_id": "912888",
      "name": "质差用户-删除用户组",
      "font_class": "zhichayonghushanchuyonghuzu",
      "unicode": "e631",
      "unicode_decimal": 58929
    },
    {
      "icon_id": "1151641",
      "name": "修改用户信息",
      "font_class": "xiugaiyonghuxinxi",
      "unicode": "e62d",
      "unicode_decimal": 58925
    },
    {
      "icon_id": "675691",
      "name": "添加用户",
      "font_class": "tianjiayonghu",
      "unicode": "e618",
      "unicode_decimal": 58904
    },
    {
      "icon_id": "732209",
      "name": "用户删除",
      "font_class": "1",
      "unicode": "e6e3",
      "unicode_decimal": 59107
    },
    {
      "icon_id": "19247",
      "name": "男",
      "font_class": "nan",
      "unicode": "e646",
      "unicode_decimal": 58950
    },
    {
      "icon_id": "132512",
      "name": "女",
      "font_class": "nv",
      "unicode": "e606",
      "unicode_decimal": 58886
    },
    {
      "icon_id": "1190209",
      "name": "businessman",
      "font_class": "businessman",
      "unicode": "e874",
      "unicode_decimal": 59508
    },
    {
      "icon_id": "1190213",
      "name": "businesswoman",
      "font_class": "businesswoman",
      "unicode": "e875",
      "unicode_decimal": 59509
    },
    {
      "icon_id": "1047447",
      "name": "智慧粮库－视频配置-01",
      "font_class": "shipinpeizhi01",
      "unicode": "e611",
      "unicode_decimal": 58897
    },
    {
      "icon_id": "644489",
      "name": "选中",
      "font_class": "xuanzhong1",
      "unicode": "e667",
      "unicode_decimal": 58983
    },
    {
      "icon_id": "341627",
      "name": "选中",
      "font_class": "xuanzhong",
      "unicode": "e62f",
      "unicode_decimal": 58927
    },
    {
      "icon_id": "512062",
      "name": "未选中",
      "font_class": "iconfont",
      "unicode": "e62c",
      "unicode_decimal": 58924
    },
    {
      "icon_id": "659858",
      "name": "收起",
      "font_class": "shouqi",
      "unicode": "e64d",
      "unicode_decimal": 58957
    },
    {
      "icon_id": "672021",
      "name": "展开",
      "font_class": "8",
      "unicode": "e608",
      "unicode_decimal": 58888
    },
    {
      "icon_id": "516056",
      "name": "箭头",
      "font_class": "icon-copy-copy",
      "unicode": "e604",
      "unicode_decimal": 58884
    },
    {
      "icon_id": "1359887",
      "name": "报警设置",
      "font_class": "baojingshezhi",
      "unicode": "e666",
      "unicode_decimal": 58982
    },
    {
      "icon_id": "1070379",
      "name": "报警信息",
      "font_class": "baojingxinxi1",
      "unicode": "e9d3",
      "unicode_decimal": 59859
    },
    {
      "icon_id": "279474",
      "name": "关于",
      "font_class": "guanyu1",
      "unicode": "e67a",
      "unicode_decimal": 59002
    },
    {
      "icon_id": "394197",
      "name": "关于",
      "font_class": "guanyu2",
      "unicode": "e61f",
      "unicode_decimal": 58911
    },
    {
      "icon_id": "864368",
      "name": "关于公司",
      "font_class": "guanyugongsi",
      "unicode": "e603",
      "unicode_decimal": 58883
    },
    {
      "icon_id": "910212",
      "name": "公司",
      "font_class": "gongsi",
      "unicode": "e65a",
      "unicode_decimal": 58970
    },
    {
      "icon_id": "147873",
      "name": "数据分析",
      "font_class": "msnui-report-data",
      "unicode": "e752",
      "unicode_decimal": 59218
    },
    {
      "icon_id": "431398",
      "name": "数据导出",
      "font_class": "shujudaochu",
      "unicode": "e978",
      "unicode_decimal": 59768
    },
    {
      "icon_id": "495784",
      "name": "数据分析",
      "font_class": "03",
      "unicode": "e64b",
      "unicode_decimal": 58955
    },
    {
      "icon_id": "860145",
      "name": "报表打印",
      "font_class": "baobiaodayin",
      "unicode": "e714",
      "unicode_decimal": 59156
    },
    {
      "icon_id": "1157432",
      "name": "导出数据",
      "font_class": "daochushuju",
      "unicode": "e602",
      "unicode_decimal": 58882
    },
    {
      "icon_id": "756654",
      "name": "选择",
      "font_class": "xuanze",
      "unicode": "e687",
      "unicode_decimal": 59015
    },
    {
      "icon_id": "395185",
      "name": "日常巡检",
      "font_class": "richangxunjian",
      "unicode": "e65c",
      "unicode_decimal": 58972
    },
    {
      "icon_id": "1172180",
      "name": "设备巡检",
      "font_class": "shebeixunjian",
      "unicode": "e657",
      "unicode_decimal": 58967
    },
    {
      "icon_id": "104774",
      "name": "自动投标",
      "font_class": "auto",
      "unicode": "e63f",
      "unicode_decimal": 58943
    },
    {
      "icon_id": "1337481",
      "name": "手动",
      "font_class": "shoudong",
      "unicode": "e659",
      "unicode_decimal": 58969
    },
    {
      "icon_id": "612082",
      "name": "用户管理",
      "font_class": "yonghuguanli",
      "unicode": "e660",
      "unicode_decimal": 58976
    },
    {
      "icon_id": "966871",
      "name": "权限",
      "font_class": "quanxian",
      "unicode": "e60c",
      "unicode_decimal": 58892
    },
    {
      "icon_id": "4753",
      "name": "设置",
      "font_class": "shezhi",
      "unicode": "e600",
      "unicode_decimal": 58880
    },
    {
      "icon_id": "338596",
      "name": "关于",
      "font_class": "guanyu",
      "unicode": "e652",
      "unicode_decimal": 58962
    },
    {
      "icon_id": "383105",
      "name": "帮助",
      "font_class": "bangzhu",
      "unicode": "e6b4",
      "unicode_decimal": 59060
    },
    {
      "icon_id": "441594",
      "name": "设置",
      "font_class": "shezhi1",
      "unicode": "e60a",
      "unicode_decimal": 58890
    },
    {
      "icon_id": "709346",
      "name": "帮助",
      "font_class": "bangzhu1",
      "unicode": "e621",
      "unicode_decimal": 58913
    },
    {
      "icon_id": "742317",
      "name": "视频",
      "font_class": "weibiaoti2zhuanhuan",
      "unicode": "e60f",
      "unicode_decimal": 58895
    },
    {
      "icon_id": "809444",
      "name": "视频",
      "font_class": "shipin",
      "unicode": "e607",
      "unicode_decimal": 58887
    },
    {
      "icon_id": "826154",
      "name": "视频管理",
      "font_class": "shipinguanli",
      "unicode": "e630",
      "unicode_decimal": 58928
    },
    {
      "icon_id": "830621",
      "name": "视频设置",
      "font_class": "video-settings",
      "unicode": "e679",
      "unicode_decimal": 59001
    },
    {
      "icon_id": "858852",
      "name": "关于",
      "font_class": "guanyu-copy",
      "unicode": "e601",
      "unicode_decimal": 58881
    },
    {
      "icon_id": "894531",
      "name": "用户设置",
      "font_class": "yonghushezhi",
      "unicode": "e693",
      "unicode_decimal": 59027
    },
    {
      "icon_id": "1218451",
      "name": "设置",
      "font_class": "shezhi2",
      "unicode": "e63e",
      "unicode_decimal": 58942
    },
    {
      "icon_id": "353748",
      "name": "日志",
      "font_class": "rizhi",
      "unicode": "e64a",
      "unicode_decimal": 58954
    },
    {
      "icon_id": "395480",
      "name": "操作日志",
      "font_class": "caozuorizhi",
      "unicode": "e739",
      "unicode_decimal": 59193
    },
    {
      "icon_id": "457845",
      "name": "数据配置",
      "font_class": "icon9",
      "unicode": "e65f",
      "unicode_decimal": 58975
    },
    {
      "icon_id": "494048",
      "name": "操作日志",
      "font_class": "iconfontbanshou",
      "unicode": "e64c",
      "unicode_decimal": 58956
    },
    {
      "icon_id": "540425",
      "name": "我的历史数据",
      "font_class": "icon",
      "unicode": "e62b",
      "unicode_decimal": 58923
    },
    {
      "icon_id": "705338",
      "name": "监控报警",
      "font_class": "jiankongbaojing",
      "unicode": "e622",
      "unicode_decimal": 58914
    },
    {
      "icon_id": "709055",
      "name": "G-机柜",
      "font_class": "gjigui",
      "unicode": "e61b",
      "unicode_decimal": 58907
    },
    {
      "icon_id": "755194",
      "name": "报警信息",
      "font_class": "baojingxinxi",
      "unicode": "e9b9",
      "unicode_decimal": 59833
    },
    {
      "icon_id": "766570",
      "name": "配置",
      "font_class": "bk-conf",
      "unicode": "e616",
      "unicode_decimal": 58902
    },
    {
      "icon_id": "850181",
      "name": "设备报警",
      "font_class": "shebeibaojing",
      "unicode": "e6b2",
      "unicode_decimal": 59058
    },
    {
      "icon_id": "857416",
      "name": "配置",
      "font_class": "peizhi",
      "unicode": "e645",
      "unicode_decimal": 58949
    },
    {
      "icon_id": "956033",
      "name": "配置",
      "font_class": "setting",
      "unicode": "e6b6",
      "unicode_decimal": 59062
    },
    {
      "icon_id": "1055564",
      "name": "数据报警",
      "font_class": "shujubaojing",
      "unicode": "e78e",
      "unicode_decimal": 59278
    },
    {
      "icon_id": "1104591",
      "name": "设备类_监控点报警并播放",
      "font_class": "shebeileijiankongdianbaojingbingbofang",
      "unicode": "ea09",
      "unicode_decimal": 59913
    },
    {
      "icon_id": "1269366",
      "name": "数据",
      "font_class": "shuju",
      "unicode": "e79f",
      "unicode_decimal": 59295
    },
    {
      "icon_id": "1370317",
      "name": "智能监控-报警联动",
      "font_class": "zhinengjiankong-baojingliandong",
      "unicode": "e769",
      "unicode_decimal": 59241
    },
    {
      "icon_id": "444754",
      "name": "视频监控",
      "font_class": "shipinjiankong",
      "unicode": "e617",
      "unicode_decimal": 58903
    },
    {
      "icon_id": "527698",
      "name": "监控视频",
      "font_class": "jiankongshipin",
      "unicode": "e605",
      "unicode_decimal": 58885
    },
    {
      "icon_id": "683552",
      "name": "视频监控",
      "font_class": "shipinjiankong1",
      "unicode": "e609",
      "unicode_decimal": 58889
    },
    {
      "icon_id": "154227",
      "name": "用户",
      "font_class": "yonghu",
      "unicode": "e61e",
      "unicode_decimal": 58910
    },
    {
      "icon_id": "406221",
      "name": "修改密码",
      "font_class": "xiugaimima",
      "unicode": "e63c",
      "unicode_decimal": 58940
    },
    {
      "icon_id": "853095",
      "name": "退出",
      "font_class": "tuichu",
      "unicode": "e63b",
      "unicode_decimal": 58939
    }
  ]
}
